{
	"info": {
		"_postman_id": "f4eae560-e1be-4fbc-bd97-2df7531150c9",
		"name": "SIGL- ITPAC",
		"schema": "https://schema.getpostman.com/json/collection/v2.1.0/collection.json"
	},
	"item": [
		{
			"name": "Status",
			"item": [
				{
					"name": "BuscarTodos",
					"request": {
						"auth": {
							"type": "basic"
						},
						"method": "GET",
						"header": [],
						"url": {
							"raw": "http://localhost:8080/api/status/buscarTodos",
							"protocol": "http",
							"host": [
								"localhost"
							],
							"port": "8080",
							"path": [
								"api",
								"status",
								"buscarTodos"
							]
						}
					},
					"response": []
				},
				{
					"name": "Cadastrar",
					"request": {
						"auth": {
							"type": "basic"
						},
						"method": "POST",
						"header": [
							{
								"key": "Content-Type",
								"value": "application/json",
								"type": "text"
							}
						],
						"body": {
							"mode": "raw",
							"raw": "{\r\n    \"descricao\": \"Pendente\",\r\n     \"id\": 5\r\n}",
							"options": {
								"raw": {
									"language": "json"
								}
							}
						},
						"url": {
							"raw": "http://localhost:8080/api/status/cadastrar",
							"protocol": "http",
							"host": [
								"localhost"
							],
							"port": "8080",
							"path": [
								"api",
								"status",
								"cadastrar"
							]
						}
					},
					"response": []
				}
			]
		},
		{
			"name": "Permissao",
			"item": [
				{
					"name": "Cadastrar",
					"request": {
						"auth": {
							"type": "basic"
						},
						"method": "POST",
						"header": [
							{
								"key": "Content-Type",
								"value": "application/json",
								"type": "text"
							}
						],
						"body": {
							"mode": "raw",
							"raw": "{\r\n    \"nome\": \"Cadastrar Permissao\"\r\n}",
							"options": {
								"raw": {
									"language": "json"
								}
							}
						},
						"url": {
							"raw": "http://localhost:8080/api/permissao/cadastrar",
							"protocol": "http",
							"host": [
								"localhost"
							],
							"port": "8080",
							"path": [
								"api",
								"permissao",
								"cadastrar"
							]
						}
					},
					"response": []
				},
				{
					"name": "BuscarTodos",
					"request": {
						"auth": {
							"type": "basic"
						},
						"method": "GET",
						"header": [],
						"url": {
							"raw": "http://localhost:8080/api/permissao/buscarTodos",
							"protocol": "http",
							"host": [
								"localhost"
							],
							"port": "8080",
							"path": [
								"api",
								"permissao",
								"buscarTodos"
							]
						}
					},
					"response": []
				}
			]
		}
	]
}